{
  "tokens": {
    "Raffa": {
      "x": 69.68546637744033,
      "y": 45.65217391304348
    },
    "Tato": {
      "x": 77.81995661605207,
      "y": 53.125
    },
    "Fio": {
      "x": 69.36008676789588,
      "y": 62.90760869565217
    },
    "Fay": {
      "x": 78.57917570498915,
      "y": 71.05978260869566
    },
    "Papá": {
      "x": 69.14316702819957,
      "y": 80.43478260869566
    },
    "Mamá": {
      "x": 77.60303687635574,
      "y": 87.63586956521739
    }
  },
  "dice": {
    "x": 74.24078091106291,
    "y": 15.353260869565217
  }
}